<?xml version="1.0" encoding="UTF-8" standalone="no"?>
<registration_data version="1.0">
   <environment>
      <hostname>veqryn-PC</hostname>
      <hostId/>
      <osName>Windows 7</osName>
      <osVersion>6.1</osVersion>
      <osArchitecture>x86</osArchitecture>
      <systemModel>D900F</systemModel>
      <systemManufacturer>CLEVO CO.</systemManufacturer>
      <cpuManufacturer>GenuineIntel</cpuManufacturer>
      <serialNumber>0123456789</serialNumber>
   </environment>
   <registry urn="urn:st:da937d18-676e-4f79-8261-a55a7361a5c0" version="1.0">
      <service_tag>
         <instance_urn>urn:st:fda6a19d-305b-48c1-8196-b025575f142b</instance_urn>
         <product_name>Java SE 6 Runtime Environment</product_name>
         <product_version>1.6.0_33</product_version>
         <product_urn>urn:uuid:92d1de8c-1e59-42c6-a280-1c379526bcbc</product_urn>
         <product_parent_urn>urn:uuid:fdc90b21-018d-4cab-b866-612c7c119ed3</product_parent_urn>
         <product_parent>Java Platform Standard Edition 6 (Java SE 6)</product_parent>
         <product_defined_inst_id>id=1.6.0_33-b03 x86,dir=C:\Program Files (x86)\Java\jre6</product_defined_inst_id>
         <product_vendor>Sun Microsystems</product_vendor>
         <platform_arch>x86</platform_arch>
         <timestamp>2012-06-26 17:51:43 GMT</timestamp>
         <container>global</container>
         <source>Windows JRE installer</source>
         <installer_uid>-1</installer_uid>
      </service_tag>
   </registry>
</registration_data>
